folio_id,section,illustration_code,quire,page_in_quire,currier_language,currier_hand,source,note
f1r,text,T,A,A,A,1,data/raw/LSI_ivtff_0d.txt page header parsable information; source documentation https://www.voynich.nu/transcr.html,Derived from IVTFF page header $I illustration type. Code meanings are documented in the IVTFF file comments.
f1v,herbal,H,A,B,A,1,data/raw/LSI_ivtff_0d.txt page header parsable information; source documentation https://www.voynich.nu/transcr.html,Derived from IVTFF page header $I illustration type. Code meanings are documented in the IVTFF file comments.
f2r,herbal,H,A,C,A,1,data/raw/LSI_ivtff_0d.txt page header parsable information; source documentation https://www.voynich.nu/transcr.html,Derived from IVTFF page header $I illustration type. Code meanings are documented in the IVTFF file comments.
f2v,herbal,H,A,D,A,1,data/raw/LSI_ivtff_0d.txt page header parsable information; source documentation https://www.voynich.nu/transcr.html,Derived from IVTFF page header $I illustration type. Code meanings are documented in the IVTFF file comments.
f3r,herbal,H,A,E,A,1,data/raw/LSI_ivtff_0d.txt page header parsable information; source documentation https://www.voynich.nu/transcr.html,Derived from IVTFF page header $I illustration type. Code meanings are documented in the IVTFF file comments.
f3v,herbal,H,A,F,A,1,data/raw/LSI_ivtff_0d.txt page header parsable information; source documentation https://www.voynich.nu/transcr.html,Derived from IVTFF page header $I illustration type. Code meanings are documented in the IVTFF file comments.
f4r,herbal,H,A,G,A,1,data/raw/LSI_ivtff_0d.txt page header parsable information; source documentation https://www.voynich.nu/transcr.html,Derived from IVTFF page header $I illustration type. Code meanings are documented in the IVTFF file comments.
f4v,herbal,H,A,H,A,1,data/raw/LSI_ivtff_0d.txt page header parsable information; source documentation https://www.voynich.nu/transcr.html,Derived from IVTFF page header $I illustration type. Code meanings are documented in the IVTFF file comments.
f5r,herbal,H,A,I,A,1,data/raw/LSI_ivtff_0d.txt page header parsable information; source documentation https://www.voynich.nu/transcr.html,Derived from IVTFF page header $I illustration type. Code meanings are documented in the IVTFF file comments.
f5v,herbal,H,A,J,A,1,data/raw/LSI_ivtff_0d.txt page header parsable information; source documentation https://www.voynich.nu/transcr.html,Derived from IVTFF page header $I illustration type. Code meanings are documented in the IVTFF file comments.
f6r,herbal,H,A,K,A,1,data/raw/LSI_ivtff_0d.txt page header parsable information; source documentation https://www.voynich.nu/transcr.html,Derived from IVTFF page header $I illustration type. Code meanings are documented in the IVTFF file comments.
f6v,herbal,H,A,L,A,1,data/raw/LSI_ivtff_0d.txt page header parsable information; source documentation https://www.voynich.nu/transcr.html,Derived from IVTFF page header $I illustration type. Code meanings are documented in the IVTFF file comments.
f7r,herbal,H,A,M,A,1,data/raw/LSI_ivtff_0d.txt page header parsable information; source documentation https://www.voynich.nu/transcr.html,Derived from IVTFF page header $I illustration type. Code meanings are documented in the IVTFF file comments.
f7v,herbal,H,A,N,A,1,data/raw/LSI_ivtff_0d.txt page header parsable information; source documentation https://www.voynich.nu/transcr.html,Derived from IVTFF page header $I illustration type. Code meanings are documented in the IVTFF file comments.
f8r,herbal,H,A,O,A,1,data/raw/LSI_ivtff_0d.txt page header parsable information; source documentation https://www.voynich.nu/transcr.html,Derived from IVTFF page header $I illustration type. Code meanings are documented in the IVTFF file comments.
f8v,herbal,H,A,P,A,1,data/raw/LSI_ivtff_0d.txt page header parsable information; source documentation https://www.voynich.nu/transcr.html,Derived from IVTFF page header $I illustration type. Code meanings are documented in the IVTFF file comments.
f9r,herbal,H,B,A,A,1,data/raw/LSI_ivtff_0d.txt page header parsable information; source documentation https://www.voynich.nu/transcr.html,Derived from IVTFF page header $I illustration type. Code meanings are documented in the IVTFF file comments.
f9v,herbal,H,B,B,A,1,data/raw/LSI_ivtff_0d.txt page header parsable information; source documentation https://www.voynich.nu/transcr.html,Derived from IVTFF page header $I illustration type. Code meanings are documented in the IVTFF file comments.
f10r,herbal,H,B,C,A,1,data/raw/LSI_ivtff_0d.txt page header parsable information; source documentation https://www.voynich.nu/transcr.html,Derived from IVTFF page header $I illustration type. Code meanings are documented in the IVTFF file comments.
f10v,herbal,H,B,D,A,1,data/raw/LSI_ivtff_0d.txt page header parsable information; source documentation https://www.voynich.nu/transcr.html,Derived from IVTFF page header $I illustration type. Code meanings are documented in the IVTFF file comments.
f11r,herbal,H,B,E,A,1,data/raw/LSI_ivtff_0d.txt page header parsable information; source documentation https://www.voynich.nu/transcr.html,Derived from IVTFF page header $I illustration type. Code meanings are documented in the IVTFF file comments.
f11v,herbal,H,B,F,A,1,data/raw/LSI_ivtff_0d.txt page header parsable information; source documentation https://www.voynich.nu/transcr.html,Derived from IVTFF page header $I illustration type. Code meanings are documented in the IVTFF file comments.
f13r,herbal,H,B,G,A,1,data/raw/LSI_ivtff_0d.txt page header parsable information; source documentation https://www.voynich.nu/transcr.html,Derived from IVTFF page header $I illustration type. Code meanings are documented in the IVTFF file comments.
f13v,herbal,H,B,H,A,1,data/raw/LSI_ivtff_0d.txt page header parsable information; source documentation https://www.voynich.nu/transcr.html,Derived from IVTFF page header $I illustration type. Code meanings are documented in the IVTFF file comments.
f14r,herbal,H,B,I,A,1,data/raw/LSI_ivtff_0d.txt page header parsable information; source documentation https://www.voynich.nu/transcr.html,Derived from IVTFF page header $I illustration type. Code meanings are documented in the IVTFF file comments.
f14v,herbal,H,B,J,A,1,data/raw/LSI_ivtff_0d.txt page header parsable information; source documentation https://www.voynich.nu/transcr.html,Derived from IVTFF page header $I illustration type. Code meanings are documented in the IVTFF file comments.
f15r,herbal,H,B,K,A,1,data/raw/LSI_ivtff_0d.txt page header parsable information; source documentation https://www.voynich.nu/transcr.html,Derived from IVTFF page header $I illustration type. Code meanings are documented in the IVTFF file comments.
f15v,herbal,H,B,L,A,1,data/raw/LSI_ivtff_0d.txt page header parsable information; source documentation https://www.voynich.nu/transcr.html,Derived from IVTFF page header $I illustration type. Code meanings are documented in the IVTFF file comments.
f16r,herbal,H,B,M,A,1,data/raw/LSI_ivtff_0d.txt page header parsable information; source documentation https://www.voynich.nu/transcr.html,Derived from IVTFF page header $I illustration type. Code meanings are documented in the IVTFF file comments.
f16v,herbal,H,B,N,A,1,data/raw/LSI_ivtff_0d.txt page header parsable information; source documentation https://www.voynich.nu/transcr.html,Derived from IVTFF page header $I illustration type. Code meanings are documented in the IVTFF file comments.
f17r,herbal,H,C,A,A,1,data/raw/LSI_ivtff_0d.txt page header parsable information; source documentation https://www.voynich.nu/transcr.html,Derived from IVTFF page header $I illustration type. Code meanings are documented in the IVTFF file comments.
f17v,herbal,H,C,B,A,1,data/raw/LSI_ivtff_0d.txt page header parsable information; source documentation https://www.voynich.nu/transcr.html,Derived from IVTFF page header $I illustration type. Code meanings are documented in the IVTFF file comments.
f18r,herbal,H,C,C,A,1,data/raw/LSI_ivtff_0d.txt page header parsable information; source documentation https://www.voynich.nu/transcr.html,Derived from IVTFF page header $I illustration type. Code meanings are documented in the IVTFF file comments.
f18v,herbal,H,C,D,A,1,data/raw/LSI_ivtff_0d.txt page header parsable information; source documentation https://www.voynich.nu/transcr.html,Derived from IVTFF page header $I illustration type. Code meanings are documented in the IVTFF file comments.
f19r,herbal,H,C,E,A,1,data/raw/LSI_ivtff_0d.txt page header parsable information; source documentation https://www.voynich.nu/transcr.html,Derived from IVTFF page header $I illustration type. Code meanings are documented in the IVTFF file comments.
f19v,herbal,H,C,F,A,1,data/raw/LSI_ivtff_0d.txt page header parsable information; source documentation https://www.voynich.nu/transcr.html,Derived from IVTFF page header $I illustration type. Code meanings are documented in the IVTFF file comments.
f20r,herbal,H,C,G,A,1,data/raw/LSI_ivtff_0d.txt page header parsable information; source documentation https://www.voynich.nu/transcr.html,Derived from IVTFF page header $I illustration type. Code meanings are documented in the IVTFF file comments.
f20v,herbal,H,C,H,A,1,data/raw/LSI_ivtff_0d.txt page header parsable information; source documentation https://www.voynich.nu/transcr.html,Derived from IVTFF page header $I illustration type. Code meanings are documented in the IVTFF file comments.
f21r,herbal,H,C,I,A,1,data/raw/LSI_ivtff_0d.txt page header parsable information; source documentation https://www.voynich.nu/transcr.html,Derived from IVTFF page header $I illustration type. Code meanings are documented in the IVTFF file comments.
f21v,herbal,H,C,J,A,1,data/raw/LSI_ivtff_0d.txt page header parsable information; source documentation https://www.voynich.nu/transcr.html,Derived from IVTFF page header $I illustration type. Code meanings are documented in the IVTFF file comments.
f22r,herbal,H,C,K,A,1,data/raw/LSI_ivtff_0d.txt page header parsable information; source documentation https://www.voynich.nu/transcr.html,Derived from IVTFF page header $I illustration type. Code meanings are documented in the IVTFF file comments.
f22v,herbal,H,C,L,A,1,data/raw/LSI_ivtff_0d.txt page header parsable information; source documentation https://www.voynich.nu/transcr.html,Derived from IVTFF page header $I illustration type. Code meanings are documented in the IVTFF file comments.
f23r,herbal,H,C,M,A,1,data/raw/LSI_ivtff_0d.txt page header parsable information; source documentation https://www.voynich.nu/transcr.html,Derived from IVTFF page header $I illustration type. Code meanings are documented in the IVTFF file comments.
f23v,herbal,H,C,N,A,1,data/raw/LSI_ivtff_0d.txt page header parsable information; source documentation https://www.voynich.nu/transcr.html,Derived from IVTFF page header $I illustration type. Code meanings are documented in the IVTFF file comments.
f24r,herbal,H,C,O,A,1,data/raw/LSI_ivtff_0d.txt page header parsable information; source documentation https://www.voynich.nu/transcr.html,Derived from IVTFF page header $I illustration type. Code meanings are documented in the IVTFF file comments.
f24v,herbal,H,C,P,A,1,data/raw/LSI_ivtff_0d.txt page header parsable information; source documentation https://www.voynich.nu/transcr.html,Derived from IVTFF page header $I illustration type. Code meanings are documented in the IVTFF file comments.
f25r,herbal,H,D,A,A,1,data/raw/LSI_ivtff_0d.txt page header parsable information; source documentation https://www.voynich.nu/transcr.html,Derived from IVTFF page header $I illustration type. Code meanings are documented in the IVTFF file comments.
f25v,herbal,H,D,B,A,1,data/raw/LSI_ivtff_0d.txt page header parsable information; source documentation https://www.voynich.nu/transcr.html,Derived from IVTFF page header $I illustration type. Code meanings are documented in the IVTFF file comments.
f26r,herbal,H,D,C,B,2,data/raw/LSI_ivtff_0d.txt page header parsable information; source documentation https://www.voynich.nu/transcr.html,Derived from IVTFF page header $I illustration type. Code meanings are documented in the IVTFF file comments.
f26v,herbal,H,D,D,B,2,data/raw/LSI_ivtff_0d.txt page header parsable information; source documentation https://www.voynich.nu/transcr.html,Derived from IVTFF page header $I illustration type. Code meanings are documented in the IVTFF file comments.
f27r,herbal,H,D,E,A,1,data/raw/LSI_ivtff_0d.txt page header parsable information; source documentation https://www.voynich.nu/transcr.html,Derived from IVTFF page header $I illustration type. Code meanings are documented in the IVTFF file comments.
f27v,herbal,H,D,F,A,1,data/raw/LSI_ivtff_0d.txt page header parsable information; source documentation https://www.voynich.nu/transcr.html,Derived from IVTFF page header $I illustration type. Code meanings are documented in the IVTFF file comments.
f28r,herbal,H,D,G,A,1,data/raw/LSI_ivtff_0d.txt page header parsable information; source documentation https://www.voynich.nu/transcr.html,Derived from IVTFF page header $I illustration type. Code meanings are documented in the IVTFF file comments.
f28v,herbal,H,D,H,A,1,data/raw/LSI_ivtff_0d.txt page header parsable information; source documentation https://www.voynich.nu/transcr.html,Derived from IVTFF page header $I illustration type. Code meanings are documented in the IVTFF file comments.
f29r,herbal,H,D,I,A,1,data/raw/LSI_ivtff_0d.txt page header parsable information; source documentation https://www.voynich.nu/transcr.html,Derived from IVTFF page header $I illustration type. Code meanings are documented in the IVTFF file comments.
f29v,herbal,H,D,J,A,1,data/raw/LSI_ivtff_0d.txt page header parsable information; source documentation https://www.voynich.nu/transcr.html,Derived from IVTFF page header $I illustration type. Code meanings are documented in the IVTFF file comments.
f30r,herbal,H,D,K,A,1,data/raw/LSI_ivtff_0d.txt page header parsable information; source documentation https://www.voynich.nu/transcr.html,Derived from IVTFF page header $I illustration type. Code meanings are documented in the IVTFF file comments.
f30v,herbal,H,D,L,A,1,data/raw/LSI_ivtff_0d.txt page header parsable information; source documentation https://www.voynich.nu/transcr.html,Derived from IVTFF page header $I illustration type. Code meanings are documented in the IVTFF file comments.
f31r,herbal,H,D,M,B,2,data/raw/LSI_ivtff_0d.txt page header parsable information; source documentation https://www.voynich.nu/transcr.html,Derived from IVTFF page header $I illustration type. Code meanings are documented in the IVTFF file comments.
f31v,herbal,H,D,N,B,2,data/raw/LSI_ivtff_0d.txt page header parsable information; source documentation https://www.voynich.nu/transcr.html,Derived from IVTFF page header $I illustration type. Code meanings are documented in the IVTFF file comments.
f32r,herbal,H,D,O,A,1,data/raw/LSI_ivtff_0d.txt page header parsable information; source documentation https://www.voynich.nu/transcr.html,Derived from IVTFF page header $I illustration type. Code meanings are documented in the IVTFF file comments.
f32v,herbal,H,D,P,A,1,data/raw/LSI_ivtff_0d.txt page header parsable information; source documentation https://www.voynich.nu/transcr.html,Derived from IVTFF page header $I illustration type. Code meanings are documented in the IVTFF file comments.
f33r,herbal,H,E,A,B,2,data/raw/LSI_ivtff_0d.txt page header parsable information; source documentation https://www.voynich.nu/transcr.html,Derived from IVTFF page header $I illustration type. Code meanings are documented in the IVTFF file comments.
f33v,herbal,H,E,B,B,2,data/raw/LSI_ivtff_0d.txt page header parsable information; source documentation https://www.voynich.nu/transcr.html,Derived from IVTFF page header $I illustration type. Code meanings are documented in the IVTFF file comments.
f34r,herbal,H,E,C,B,2,data/raw/LSI_ivtff_0d.txt page header parsable information; source documentation https://www.voynich.nu/transcr.html,Derived from IVTFF page header $I illustration type. Code meanings are documented in the IVTFF file comments.
f34v,herbal,H,E,D,B,2,data/raw/LSI_ivtff_0d.txt page header parsable information; source documentation https://www.voynich.nu/transcr.html,Derived from IVTFF page header $I illustration type. Code meanings are documented in the IVTFF file comments.
f35r,herbal,H,E,E,A,1,data/raw/LSI_ivtff_0d.txt page header parsable information; source documentation https://www.voynich.nu/transcr.html,Derived from IVTFF page header $I illustration type. Code meanings are documented in the IVTFF file comments.
f35v,herbal,H,E,F,A,1,data/raw/LSI_ivtff_0d.txt page header parsable information; source documentation https://www.voynich.nu/transcr.html,Derived from IVTFF page header $I illustration type. Code meanings are documented in the IVTFF file comments.
f36r,herbal,H,E,G,A,1,data/raw/LSI_ivtff_0d.txt page header parsable information; source documentation https://www.voynich.nu/transcr.html,Derived from IVTFF page header $I illustration type. Code meanings are documented in the IVTFF file comments.
f36v,herbal,H,E,H,A,1,data/raw/LSI_ivtff_0d.txt page header parsable information; source documentation https://www.voynich.nu/transcr.html,Derived from IVTFF page header $I illustration type. Code meanings are documented in the IVTFF file comments.
f37r,herbal,H,E,I,A,1,data/raw/LSI_ivtff_0d.txt page header parsable information; source documentation https://www.voynich.nu/transcr.html,Derived from IVTFF page header $I illustration type. Code meanings are documented in the IVTFF file comments.
f37v,herbal,H,E,J,A,1,data/raw/LSI_ivtff_0d.txt page header parsable information; source documentation https://www.voynich.nu/transcr.html,Derived from IVTFF page header $I illustration type. Code meanings are documented in the IVTFF file comments.
f38r,herbal,H,E,K,A,1,data/raw/LSI_ivtff_0d.txt page header parsable information; source documentation https://www.voynich.nu/transcr.html,Derived from IVTFF page header $I illustration type. Code meanings are documented in the IVTFF file comments.
f38v,herbal,H,E,L,A,1,data/raw/LSI_ivtff_0d.txt page header parsable information; source documentation https://www.voynich.nu/transcr.html,Derived from IVTFF page header $I illustration type. Code meanings are documented in the IVTFF file comments.
f39r,herbal,H,E,M,B,2,data/raw/LSI_ivtff_0d.txt page header parsable information; source documentation https://www.voynich.nu/transcr.html,Derived from IVTFF page header $I illustration type. Code meanings are documented in the IVTFF file comments.
f39v,herbal,H,E,N,B,2,data/raw/LSI_ivtff_0d.txt page header parsable information; source documentation https://www.voynich.nu/transcr.html,Derived from IVTFF page header $I illustration type. Code meanings are documented in the IVTFF file comments.
f40r,herbal,H,E,O,B,2,data/raw/LSI_ivtff_0d.txt page header parsable information; source documentation https://www.voynich.nu/transcr.html,Derived from IVTFF page header $I illustration type. Code meanings are documented in the IVTFF file comments.
f40v,herbal,H,E,P,B,2,data/raw/LSI_ivtff_0d.txt page header parsable information; source documentation https://www.voynich.nu/transcr.html,Derived from IVTFF page header $I illustration type. Code meanings are documented in the IVTFF file comments.
f41r,herbal,H,F,A,B,2,data/raw/LSI_ivtff_0d.txt page header parsable information; source documentation https://www.voynich.nu/transcr.html,Derived from IVTFF page header $I illustration type. Code meanings are documented in the IVTFF file comments.
f41v,herbal,H,F,B,B,2,data/raw/LSI_ivtff_0d.txt page header parsable information; source documentation https://www.voynich.nu/transcr.html,Derived from IVTFF page header $I illustration type. Code meanings are documented in the IVTFF file comments.
f42r,herbal,H,F,C,A,1,data/raw/LSI_ivtff_0d.txt page header parsable information; source documentation https://www.voynich.nu/transcr.html,Derived from IVTFF page header $I illustration type. Code meanings are documented in the IVTFF file comments.
f42v,herbal,H,F,D,A,1,data/raw/LSI_ivtff_0d.txt page header parsable information; source documentation https://www.voynich.nu/transcr.html,Derived from IVTFF page header $I illustration type. Code meanings are documented in the IVTFF file comments.
f43r,herbal,H,F,E,B,2,data/raw/LSI_ivtff_0d.txt page header parsable information; source documentation https://www.voynich.nu/transcr.html,Derived from IVTFF page header $I illustration type. Code meanings are documented in the IVTFF file comments.
f43v,herbal,H,F,F,B,2,data/raw/LSI_ivtff_0d.txt page header parsable information; source documentation https://www.voynich.nu/transcr.html,Derived from IVTFF page header $I illustration type. Code meanings are documented in the IVTFF file comments.
f44r,herbal,H,F,G,A,1,data/raw/LSI_ivtff_0d.txt page header parsable information; source documentation https://www.voynich.nu/transcr.html,Derived from IVTFF page header $I illustration type. Code meanings are documented in the IVTFF file comments.
f44v,herbal,H,F,H,A,1,data/raw/LSI_ivtff_0d.txt page header parsable information; source documentation https://www.voynich.nu/transcr.html,Derived from IVTFF page header $I illustration type. Code meanings are documented in the IVTFF file comments.
f45r,herbal,H,F,I,A,1,data/raw/LSI_ivtff_0d.txt page header parsable information; source documentation https://www.voynich.nu/transcr.html,Derived from IVTFF page header $I illustration type. Code meanings are documented in the IVTFF file comments.
f45v,herbal,H,F,J,A,1,data/raw/LSI_ivtff_0d.txt page header parsable information; source documentation https://www.voynich.nu/transcr.html,Derived from IVTFF page header $I illustration type. Code meanings are documented in the IVTFF file comments.
f46r,herbal,H,F,K,B,2,data/raw/LSI_ivtff_0d.txt page header parsable information; source documentation https://www.voynich.nu/transcr.html,Derived from IVTFF page header $I illustration type. Code meanings are documented in the IVTFF file comments.
f46v,herbal,H,F,L,B,2,data/raw/LSI_ivtff_0d.txt page header parsable information; source documentation https://www.voynich.nu/transcr.html,Derived from IVTFF page header $I illustration type. Code meanings are documented in the IVTFF file comments.
f47r,herbal,H,F,M,A,1,data/raw/LSI_ivtff_0d.txt page header parsable information; source documentation https://www.voynich.nu/transcr.html,Derived from IVTFF page header $I illustration type. Code meanings are documented in the IVTFF file comments.
f47v,herbal,H,F,N,A,1,data/raw/LSI_ivtff_0d.txt page header parsable information; source documentation https://www.voynich.nu/transcr.html,Derived from IVTFF page header $I illustration type. Code meanings are documented in the IVTFF file comments.
f48r,herbal,H,F,O,B,2,data/raw/LSI_ivtff_0d.txt page header parsable information; source documentation https://www.voynich.nu/transcr.html,Derived from IVTFF page header $I illustration type. Code meanings are documented in the IVTFF file comments.
f48v,herbal,H,F,P,B,2,data/raw/LSI_ivtff_0d.txt page header parsable information; source documentation https://www.voynich.nu/transcr.html,Derived from IVTFF page header $I illustration type. Code meanings are documented in the IVTFF file comments.
f49r,herbal,H,G,A,A,1,data/raw/LSI_ivtff_0d.txt page header parsable information; source documentation https://www.voynich.nu/transcr.html,Derived from IVTFF page header $I illustration type. Code meanings are documented in the IVTFF file comments.
f49v,herbal,H,G,B,A,1,data/raw/LSI_ivtff_0d.txt page header parsable information; source documentation https://www.voynich.nu/transcr.html,Derived from IVTFF page header $I illustration type. Code meanings are documented in the IVTFF file comments.
f50r,herbal,H,G,C,B,2,data/raw/LSI_ivtff_0d.txt page header parsable information; source documentation https://www.voynich.nu/transcr.html,Derived from IVTFF page header $I illustration type. Code meanings are documented in the IVTFF file comments.
f50v,herbal,H,G,D,B,2,data/raw/LSI_ivtff_0d.txt page header parsable information; source documentation https://www.voynich.nu/transcr.html,Derived from IVTFF page header $I illustration type. Code meanings are documented in the IVTFF file comments.
f51r,herbal,H,G,E,A,1,data/raw/LSI_ivtff_0d.txt page header parsable information; source documentation https://www.voynich.nu/transcr.html,Derived from IVTFF page header $I illustration type. Code meanings are documented in the IVTFF file comments.
f51v,herbal,H,G,F,A,1,data/raw/LSI_ivtff_0d.txt page header parsable information; source documentation https://www.voynich.nu/transcr.html,Derived from IVTFF page header $I illustration type. Code meanings are documented in the IVTFF file comments.
f52r,herbal,H,G,G,A,1,data/raw/LSI_ivtff_0d.txt page header parsable information; source documentation https://www.voynich.nu/transcr.html,Derived from IVTFF page header $I illustration type. Code meanings are documented in the IVTFF file comments.
f52v,herbal,H,G,H,A,1,data/raw/LSI_ivtff_0d.txt page header parsable information; source documentation https://www.voynich.nu/transcr.html,Derived from IVTFF page header $I illustration type. Code meanings are documented in the IVTFF file comments.
f53r,herbal,H,G,I,A,1,data/raw/LSI_ivtff_0d.txt page header parsable information; source documentation https://www.voynich.nu/transcr.html,Derived from IVTFF page header $I illustration type. Code meanings are documented in the IVTFF file comments.
f53v,herbal,H,G,J,A,1,data/raw/LSI_ivtff_0d.txt page header parsable information; source documentation https://www.voynich.nu/transcr.html,Derived from IVTFF page header $I illustration type. Code meanings are documented in the IVTFF file comments.
f54r,herbal,H,G,K,A,1,data/raw/LSI_ivtff_0d.txt page header parsable information; source documentation https://www.voynich.nu/transcr.html,Derived from IVTFF page header $I illustration type. Code meanings are documented in the IVTFF file comments.
f54v,herbal,H,G,L,A,1,data/raw/LSI_ivtff_0d.txt page header parsable information; source documentation https://www.voynich.nu/transcr.html,Derived from IVTFF page header $I illustration type. Code meanings are documented in the IVTFF file comments.
f55r,herbal,H,G,M,B,2,data/raw/LSI_ivtff_0d.txt page header parsable information; source documentation https://www.voynich.nu/transcr.html,Derived from IVTFF page header $I illustration type. Code meanings are documented in the IVTFF file comments.
f55v,herbal,H,G,N,B,2,data/raw/LSI_ivtff_0d.txt page header parsable information; source documentation https://www.voynich.nu/transcr.html,Derived from IVTFF page header $I illustration type. Code meanings are documented in the IVTFF file comments.
f56r,herbal,H,G,O,A,1,data/raw/LSI_ivtff_0d.txt page header parsable information; source documentation https://www.voynich.nu/transcr.html,Derived from IVTFF page header $I illustration type. Code meanings are documented in the IVTFF file comments.
f56v,herbal,H,G,P,A,1,data/raw/LSI_ivtff_0d.txt page header parsable information; source documentation https://www.voynich.nu/transcr.html,Derived from IVTFF page header $I illustration type. Code meanings are documented in the IVTFF file comments.
f57r,herbal,H,H,A,B,2,data/raw/LSI_ivtff_0d.txt page header parsable information; source documentation https://www.voynich.nu/transcr.html,Derived from IVTFF page header $I illustration type. Code meanings are documented in the IVTFF file comments.
f57v,cosmological,C,H,B,,,data/raw/LSI_ivtff_0d.txt page header parsable information; source documentation https://www.voynich.nu/transcr.html,Derived from IVTFF page header $I illustration type. Code meanings are documented in the IVTFF file comments.
f58r,text,T,H,C,A,,data/raw/LSI_ivtff_0d.txt page header parsable information; source documentation https://www.voynich.nu/transcr.html,Derived from IVTFF page header $I illustration type. Code meanings are documented in the IVTFF file comments.
f58v,text,T,H,D,A,,data/raw/LSI_ivtff_0d.txt page header parsable information; source documentation https://www.voynich.nu/transcr.html,Derived from IVTFF page header $I illustration type. Code meanings are documented in the IVTFF file comments.
f65r,herbal,H,H,E,,,data/raw/LSI_ivtff_0d.txt page header parsable information; source documentation https://www.voynich.nu/transcr.html,Derived from IVTFF page header $I illustration type. Code meanings are documented in the IVTFF file comments.
f65v,herbal,H,H,F,,,data/raw/LSI_ivtff_0d.txt page header parsable information; source documentation https://www.voynich.nu/transcr.html,Derived from IVTFF page header $I illustration type. Code meanings are documented in the IVTFF file comments.
f66r,text,T,H,G,B,,data/raw/LSI_ivtff_0d.txt page header parsable information; source documentation https://www.voynich.nu/transcr.html,Derived from IVTFF page header $I illustration type. Code meanings are documented in the IVTFF file comments.
f66v,herbal,H,H,H,B,,data/raw/LSI_ivtff_0d.txt page header parsable information; source documentation https://www.voynich.nu/transcr.html,Derived from IVTFF page header $I illustration type. Code meanings are documented in the IVTFF file comments.
f67r1,astronomical,A,I,B,,,data/raw/LSI_ivtff_0d.txt page header parsable information; source documentation https://www.voynich.nu/transcr.html,Derived from IVTFF page header $I illustration type. Code meanings are documented in the IVTFF file comments.
f67r2,astronomical,A,I,C,,,data/raw/LSI_ivtff_0d.txt page header parsable information; source documentation https://www.voynich.nu/transcr.html,Derived from IVTFF page header $I illustration type. Code meanings are documented in the IVTFF file comments.
f67v2,cosmological,C,I,E,,,data/raw/LSI_ivtff_0d.txt page header parsable information; source documentation https://www.voynich.nu/transcr.html,Derived from IVTFF page header $I illustration type. Code meanings are documented in the IVTFF file comments.
f67v1,astronomical,A,I,F,,,data/raw/LSI_ivtff_0d.txt page header parsable information; source documentation https://www.voynich.nu/transcr.html,Derived from IVTFF page header $I illustration type. Code meanings are documented in the IVTFF file comments.
f68r1,astronomical,A,I,H,,,data/raw/LSI_ivtff_0d.txt page header parsable information; source documentation https://www.voynich.nu/transcr.html,Derived from IVTFF page header $I illustration type. Code meanings are documented in the IVTFF file comments.
f68r2,astronomical,A,I,I,,,data/raw/LSI_ivtff_0d.txt page header parsable information; source documentation https://www.voynich.nu/transcr.html,Derived from IVTFF page header $I illustration type. Code meanings are documented in the IVTFF file comments.
f68r3,astronomical,A,I,J,,,data/raw/LSI_ivtff_0d.txt page header parsable information; source documentation https://www.voynich.nu/transcr.html,Derived from IVTFF page header $I illustration type. Code meanings are documented in the IVTFF file comments.
f68v3,cosmological,C,I,L,,,data/raw/LSI_ivtff_0d.txt page header parsable information; source documentation https://www.voynich.nu/transcr.html,Derived from IVTFF page header $I illustration type. Code meanings are documented in the IVTFF file comments.
f68v2,astronomical,A,I,M,,,data/raw/LSI_ivtff_0d.txt page header parsable information; source documentation https://www.voynich.nu/transcr.html,Derived from IVTFF page header $I illustration type. Code meanings are documented in the IVTFF file comments.
f68v1,astronomical,A,I,N,,,data/raw/LSI_ivtff_0d.txt page header parsable information; source documentation https://www.voynich.nu/transcr.html,Derived from IVTFF page header $I illustration type. Code meanings are documented in the IVTFF file comments.
f69r,cosmological,C,J,A,,,data/raw/LSI_ivtff_0d.txt page header parsable information; source documentation https://www.voynich.nu/transcr.html,Derived from IVTFF page header $I illustration type. Code meanings are documented in the IVTFF file comments.
f69v,cosmological,C,J,B,,,data/raw/LSI_ivtff_0d.txt page header parsable information; source documentation https://www.voynich.nu/transcr.html,Derived from IVTFF page header $I illustration type. Code meanings are documented in the IVTFF file comments.
f70r1,cosmological,C,J,D,,,data/raw/LSI_ivtff_0d.txt page header parsable information; source documentation https://www.voynich.nu/transcr.html,Derived from IVTFF page header $I illustration type. Code meanings are documented in the IVTFF file comments.
f70r2,cosmological,C,J,E,,,data/raw/LSI_ivtff_0d.txt page header parsable information; source documentation https://www.voynich.nu/transcr.html,Derived from IVTFF page header $I illustration type. Code meanings are documented in the IVTFF file comments.
f70v2,zodiac,Z,J,G,,,data/raw/LSI_ivtff_0d.txt page header parsable information; source documentation https://www.voynich.nu/transcr.html,Derived from IVTFF page header $I illustration type. Code meanings are documented in the IVTFF file comments.
f70v1,zodiac,Z,J,H,,,data/raw/LSI_ivtff_0d.txt page header parsable information; source documentation https://www.voynich.nu/transcr.html,Derived from IVTFF page header $I illustration type. Code meanings are documented in the IVTFF file comments.
f71r,zodiac,Z,K,A,,,data/raw/LSI_ivtff_0d.txt page header parsable information; source documentation https://www.voynich.nu/transcr.html,Derived from IVTFF page header $I illustration type. Code meanings are documented in the IVTFF file comments.
f71v,zodiac,Z,K,B,,,data/raw/LSI_ivtff_0d.txt page header parsable information; source documentation https://www.voynich.nu/transcr.html,Derived from IVTFF page header $I illustration type. Code meanings are documented in the IVTFF file comments.
f72r1,zodiac,Z,K,D,,,data/raw/LSI_ivtff_0d.txt page header parsable information; source documentation https://www.voynich.nu/transcr.html,Derived from IVTFF page header $I illustration type. Code meanings are documented in the IVTFF file comments.
f72r2,zodiac,Z,K,E,,,data/raw/LSI_ivtff_0d.txt page header parsable information; source documentation https://www.voynich.nu/transcr.html,Derived from IVTFF page header $I illustration type. Code meanings are documented in the IVTFF file comments.
f72r3,zodiac,Z,K,F,,,data/raw/LSI_ivtff_0d.txt page header parsable information; source documentation https://www.voynich.nu/transcr.html,Derived from IVTFF page header $I illustration type. Code meanings are documented in the IVTFF file comments.
f72v3,zodiac,Z,K,H,,,data/raw/LSI_ivtff_0d.txt page header parsable information; source documentation https://www.voynich.nu/transcr.html,Derived from IVTFF page header $I illustration type. Code meanings are documented in the IVTFF file comments.
f72v2,zodiac,Z,K,I,,,data/raw/LSI_ivtff_0d.txt page header parsable information; source documentation https://www.voynich.nu/transcr.html,Derived from IVTFF page header $I illustration type. Code meanings are documented in the IVTFF file comments.
f72v1,zodiac,Z,K,J,,,data/raw/LSI_ivtff_0d.txt page header parsable information; source documentation https://www.voynich.nu/transcr.html,Derived from IVTFF page header $I illustration type. Code meanings are documented in the IVTFF file comments.
f73r,zodiac,Z,L,A,,,data/raw/LSI_ivtff_0d.txt page header parsable information; source documentation https://www.voynich.nu/transcr.html,Derived from IVTFF page header $I illustration type. Code meanings are documented in the IVTFF file comments.
f73v,zodiac,Z,L,B,,,data/raw/LSI_ivtff_0d.txt page header parsable information; source documentation https://www.voynich.nu/transcr.html,Derived from IVTFF page header $I illustration type. Code meanings are documented in the IVTFF file comments.
f75r,biological,B,M,A,B,2,data/raw/LSI_ivtff_0d.txt page header parsable information; source documentation https://www.voynich.nu/transcr.html,Derived from IVTFF page header $I illustration type. Code meanings are documented in the IVTFF file comments.
f75v,biological,B,M,B,B,2,data/raw/LSI_ivtff_0d.txt page header parsable information; source documentation https://www.voynich.nu/transcr.html,Derived from IVTFF page header $I illustration type. Code meanings are documented in the IVTFF file comments.
f76r,biological,B,M,C,B,2,data/raw/LSI_ivtff_0d.txt page header parsable information; source documentation https://www.voynich.nu/transcr.html,Derived from IVTFF page header $I illustration type. Code meanings are documented in the IVTFF file comments.
f76v,biological,B,M,D,B,2,data/raw/LSI_ivtff_0d.txt page header parsable information; source documentation https://www.voynich.nu/transcr.html,Derived from IVTFF page header $I illustration type. Code meanings are documented in the IVTFF file comments.
f77r,biological,B,M,E,B,2,data/raw/LSI_ivtff_0d.txt page header parsable information; source documentation https://www.voynich.nu/transcr.html,Derived from IVTFF page header $I illustration type. Code meanings are documented in the IVTFF file comments.
f77v,biological,B,M,F,B,2,data/raw/LSI_ivtff_0d.txt page header parsable information; source documentation https://www.voynich.nu/transcr.html,Derived from IVTFF page header $I illustration type. Code meanings are documented in the IVTFF file comments.
f78r,biological,B,M,G,B,2,data/raw/LSI_ivtff_0d.txt page header parsable information; source documentation https://www.voynich.nu/transcr.html,Derived from IVTFF page header $I illustration type. Code meanings are documented in the IVTFF file comments.
f78v,biological,B,M,H,B,2,data/raw/LSI_ivtff_0d.txt page header parsable information; source documentation https://www.voynich.nu/transcr.html,Derived from IVTFF page header $I illustration type. Code meanings are documented in the IVTFF file comments.
f79r,biological,B,M,I,B,2,data/raw/LSI_ivtff_0d.txt page header parsable information; source documentation https://www.voynich.nu/transcr.html,Derived from IVTFF page header $I illustration type. Code meanings are documented in the IVTFF file comments.
f79v,biological,B,M,J,B,2,data/raw/LSI_ivtff_0d.txt page header parsable information; source documentation https://www.voynich.nu/transcr.html,Derived from IVTFF page header $I illustration type. Code meanings are documented in the IVTFF file comments.
f80r,biological,B,M,K,B,2,data/raw/LSI_ivtff_0d.txt page header parsable information; source documentation https://www.voynich.nu/transcr.html,Derived from IVTFF page header $I illustration type. Code meanings are documented in the IVTFF file comments.
f80v,biological,B,M,L,B,2,data/raw/LSI_ivtff_0d.txt page header parsable information; source documentation https://www.voynich.nu/transcr.html,Derived from IVTFF page header $I illustration type. Code meanings are documented in the IVTFF file comments.
f81r,biological,B,M,M,B,2,data/raw/LSI_ivtff_0d.txt page header parsable information; source documentation https://www.voynich.nu/transcr.html,Derived from IVTFF page header $I illustration type. Code meanings are documented in the IVTFF file comments.
f81v,biological,B,M,N,B,2,data/raw/LSI_ivtff_0d.txt page header parsable information; source documentation https://www.voynich.nu/transcr.html,Derived from IVTFF page header $I illustration type. Code meanings are documented in the IVTFF file comments.
f82r,biological,B,M,O,B,2,data/raw/LSI_ivtff_0d.txt page header parsable information; source documentation https://www.voynich.nu/transcr.html,Derived from IVTFF page header $I illustration type. Code meanings are documented in the IVTFF file comments.
f82v,biological,B,M,P,B,2,data/raw/LSI_ivtff_0d.txt page header parsable information; source documentation https://www.voynich.nu/transcr.html,Derived from IVTFF page header $I illustration type. Code meanings are documented in the IVTFF file comments.
f83r,biological,B,M,Q,B,2,data/raw/LSI_ivtff_0d.txt page header parsable information; source documentation https://www.voynich.nu/transcr.html,Derived from IVTFF page header $I illustration type. Code meanings are documented in the IVTFF file comments.
f83v,biological,B,M,R,B,2,data/raw/LSI_ivtff_0d.txt page header parsable information; source documentation https://www.voynich.nu/transcr.html,Derived from IVTFF page header $I illustration type. Code meanings are documented in the IVTFF file comments.
f84r,biological,B,M,S,B,2,data/raw/LSI_ivtff_0d.txt page header parsable information; source documentation https://www.voynich.nu/transcr.html,Derived from IVTFF page header $I illustration type. Code meanings are documented in the IVTFF file comments.
f84v,biological,B,M,T,B,2,data/raw/LSI_ivtff_0d.txt page header parsable information; source documentation https://www.voynich.nu/transcr.html,Derived from IVTFF page header $I illustration type. Code meanings are documented in the IVTFF file comments.
f85r1,text,T,N,B,B,3,data/raw/LSI_ivtff_0d.txt page header parsable information; source documentation https://www.voynich.nu/transcr.html,Derived from IVTFF page header $I illustration type. Code meanings are documented in the IVTFF file comments.
f85r2,cosmological,C,N,C,B,3,data/raw/LSI_ivtff_0d.txt page header parsable information; source documentation https://www.voynich.nu/transcr.html,Derived from IVTFF page header $I illustration type. Code meanings are documented in the IVTFF file comments.
fRos,cosmological,C,N,D,B,3,data/raw/LSI_ivtff_0d.txt page header parsable information; source documentation https://www.voynich.nu/transcr.html,Derived from IVTFF page header $I illustration type. Code meanings are documented in the IVTFF file comments.
f86v4,cosmological,C,N,N,B,3,data/raw/LSI_ivtff_0d.txt page header parsable information; source documentation https://www.voynich.nu/transcr.html,Derived from IVTFF page header $I illustration type. Code meanings are documented in the IVTFF file comments.
f86v6,cosmological,C,N,O,B,3,data/raw/LSI_ivtff_0d.txt page header parsable information; source documentation https://www.voynich.nu/transcr.html,Derived from IVTFF page header $I illustration type. Code meanings are documented in the IVTFF file comments.
f86v5,cosmological,C,N,P,B,3,data/raw/LSI_ivtff_0d.txt page header parsable information; source documentation https://www.voynich.nu/transcr.html,Derived from IVTFF page header $I illustration type. Code meanings are documented in the IVTFF file comments.
f86v3,cosmological,C,N,Q,B,3,data/raw/LSI_ivtff_0d.txt page header parsable information; source documentation https://www.voynich.nu/transcr.html,Derived from IVTFF page header $I illustration type. Code meanings are documented in the IVTFF file comments.
f87r,herbal,H,O,A,A,4,data/raw/LSI_ivtff_0d.txt page header parsable information; source documentation https://www.voynich.nu/transcr.html,Derived from IVTFF page header $I illustration type. Code meanings are documented in the IVTFF file comments.
f87v,herbal,H,O,B,A,4,data/raw/LSI_ivtff_0d.txt page header parsable information; source documentation https://www.voynich.nu/transcr.html,Derived from IVTFF page header $I illustration type. Code meanings are documented in the IVTFF file comments.
f88r,pharmaceutical,P,O,C,A,4,data/raw/LSI_ivtff_0d.txt page header parsable information; source documentation https://www.voynich.nu/transcr.html,Derived from IVTFF page header $I illustration type. Code meanings are documented in the IVTFF file comments.
f88v,pharmaceutical,P,O,D,A,4,data/raw/LSI_ivtff_0d.txt page header parsable information; source documentation https://www.voynich.nu/transcr.html,Derived from IVTFF page header $I illustration type. Code meanings are documented in the IVTFF file comments.
f89r1,pharmaceutical,P,O,F,A,,data/raw/LSI_ivtff_0d.txt page header parsable information; source documentation https://www.voynich.nu/transcr.html,Derived from IVTFF page header $I illustration type. Code meanings are documented in the IVTFF file comments.
f89r2,pharmaceutical,P,O,G,A,,data/raw/LSI_ivtff_0d.txt page header parsable information; source documentation https://www.voynich.nu/transcr.html,Derived from IVTFF page header $I illustration type. Code meanings are documented in the IVTFF file comments.
f89v2,pharmaceutical,P,O,I,A,,data/raw/LSI_ivtff_0d.txt page header parsable information; source documentation https://www.voynich.nu/transcr.html,Derived from IVTFF page header $I illustration type. Code meanings are documented in the IVTFF file comments.
f89v1,pharmaceutical,P,O,J,A,,data/raw/LSI_ivtff_0d.txt page header parsable information; source documentation https://www.voynich.nu/transcr.html,Derived from IVTFF page header $I illustration type. Code meanings are documented in the IVTFF file comments.
f90r1,herbal,H,O,L,A,,data/raw/LSI_ivtff_0d.txt page header parsable information; source documentation https://www.voynich.nu/transcr.html,Derived from IVTFF page header $I illustration type. Code meanings are documented in the IVTFF file comments.
f90r2,herbal,H,O,M,A,,data/raw/LSI_ivtff_0d.txt page header parsable information; source documentation https://www.voynich.nu/transcr.html,Derived from IVTFF page header $I illustration type. Code meanings are documented in the IVTFF file comments.
f90v2,herbal,H,O,O,A,,data/raw/LSI_ivtff_0d.txt page header parsable information; source documentation https://www.voynich.nu/transcr.html,Derived from IVTFF page header $I illustration type. Code meanings are documented in the IVTFF file comments.
f90v1,herbal,H,O,P,A,,data/raw/LSI_ivtff_0d.txt page header parsable information; source documentation https://www.voynich.nu/transcr.html,Derived from IVTFF page header $I illustration type. Code meanings are documented in the IVTFF file comments.
f93r,herbal,H,Q,A,A,4,data/raw/LSI_ivtff_0d.txt page header parsable information; source documentation https://www.voynich.nu/transcr.html,Derived from IVTFF page header $I illustration type. Code meanings are documented in the IVTFF file comments.
f93v,herbal,H,Q,B,A,4,data/raw/LSI_ivtff_0d.txt page header parsable information; source documentation https://www.voynich.nu/transcr.html,Derived from IVTFF page header $I illustration type. Code meanings are documented in the IVTFF file comments.
f94r,herbal,H,Q,C,B,5,data/raw/LSI_ivtff_0d.txt page header parsable information; source documentation https://www.voynich.nu/transcr.html,Derived from IVTFF page header $I illustration type. Code meanings are documented in the IVTFF file comments.
f94v,herbal,H,Q,D,B,5,data/raw/LSI_ivtff_0d.txt page header parsable information; source documentation https://www.voynich.nu/transcr.html,Derived from IVTFF page header $I illustration type. Code meanings are documented in the IVTFF file comments.
f95r1,herbal,H,Q,F,B,5,data/raw/LSI_ivtff_0d.txt page header parsable information; source documentation https://www.voynich.nu/transcr.html,Derived from IVTFF page header $I illustration type. Code meanings are documented in the IVTFF file comments.
f95r2,herbal,H,Q,G,B,5,data/raw/LSI_ivtff_0d.txt page header parsable information; source documentation https://www.voynich.nu/transcr.html,Derived from IVTFF page header $I illustration type. Code meanings are documented in the IVTFF file comments.
f95v2,herbal,H,Q,I,B,5,data/raw/LSI_ivtff_0d.txt page header parsable information; source documentation https://www.voynich.nu/transcr.html,Derived from IVTFF page header $I illustration type. Code meanings are documented in the IVTFF file comments.
f95v1,herbal,H,Q,J,B,5,data/raw/LSI_ivtff_0d.txt page header parsable information; source documentation https://www.voynich.nu/transcr.html,Derived from IVTFF page header $I illustration type. Code meanings are documented in the IVTFF file comments.
f96r,herbal,H,Q,K,A,4,data/raw/LSI_ivtff_0d.txt page header parsable information; source documentation https://www.voynich.nu/transcr.html,Derived from IVTFF page header $I illustration type. Code meanings are documented in the IVTFF file comments.
f96v,herbal,H,Q,L,A,4,data/raw/LSI_ivtff_0d.txt page header parsable information; source documentation https://www.voynich.nu/transcr.html,Derived from IVTFF page header $I illustration type. Code meanings are documented in the IVTFF file comments.
f99r,pharmaceutical,P,S,A,A,,data/raw/LSI_ivtff_0d.txt page header parsable information; source documentation https://www.voynich.nu/transcr.html,Derived from IVTFF page header $I illustration type. Code meanings are documented in the IVTFF file comments.
f99v,pharmaceutical,P,S,B,A,,data/raw/LSI_ivtff_0d.txt page header parsable information; source documentation https://www.voynich.nu/transcr.html,Derived from IVTFF page header $I illustration type. Code meanings are documented in the IVTFF file comments.
f100r,pharmaceutical,P,S,C,A,,data/raw/LSI_ivtff_0d.txt page header parsable information; source documentation https://www.voynich.nu/transcr.html,Derived from IVTFF page header $I illustration type. Code meanings are documented in the IVTFF file comments.
f100v,pharmaceutical,P,S,D,A,,data/raw/LSI_ivtff_0d.txt page header parsable information; source documentation https://www.voynich.nu/transcr.html,Derived from IVTFF page header $I illustration type. Code meanings are documented in the IVTFF file comments.
f101r,pharmaceutical,P,S,E,A,,data/raw/LSI_ivtff_0d.txt page header parsable information; source documentation https://www.voynich.nu/transcr.html,Derived from IVTFF page header $I illustration type. Code meanings are documented in the IVTFF file comments.
f101v,pharmaceutical,P,S,H,A,,data/raw/LSI_ivtff_0d.txt page header parsable information; source documentation https://www.voynich.nu/transcr.html,Derived from IVTFF page header $I illustration type. Code meanings are documented in the IVTFF file comments.
f102r1,pharmaceutical,P,S,L,A,,data/raw/LSI_ivtff_0d.txt page header parsable information; source documentation https://www.voynich.nu/transcr.html,Derived from IVTFF page header $I illustration type. Code meanings are documented in the IVTFF file comments.
f102r2,pharmaceutical,P,S,M,A,,data/raw/LSI_ivtff_0d.txt page header parsable information; source documentation https://www.voynich.nu/transcr.html,Derived from IVTFF page header $I illustration type. Code meanings are documented in the IVTFF file comments.
f102v2,pharmaceutical,P,S,O,A,,data/raw/LSI_ivtff_0d.txt page header parsable information; source documentation https://www.voynich.nu/transcr.html,Derived from IVTFF page header $I illustration type. Code meanings are documented in the IVTFF file comments.
f102v1,pharmaceutical,P,S,P,A,,data/raw/LSI_ivtff_0d.txt page header parsable information; source documentation https://www.voynich.nu/transcr.html,Derived from IVTFF page header $I illustration type. Code meanings are documented in the IVTFF file comments.
f103r,stars,S,T,A,B,X,data/raw/LSI_ivtff_0d.txt page header parsable information; source documentation https://www.voynich.nu/transcr.html,Derived from IVTFF page header $I illustration type. Code meanings are documented in the IVTFF file comments.
f103v,stars,S,T,B,B,X,data/raw/LSI_ivtff_0d.txt page header parsable information; source documentation https://www.voynich.nu/transcr.html,Derived from IVTFF page header $I illustration type. Code meanings are documented in the IVTFF file comments.
f104r,stars,S,T,C,B,X,data/raw/LSI_ivtff_0d.txt page header parsable information; source documentation https://www.voynich.nu/transcr.html,Derived from IVTFF page header $I illustration type. Code meanings are documented in the IVTFF file comments.
f104v,stars,S,T,D,B,X,data/raw/LSI_ivtff_0d.txt page header parsable information; source documentation https://www.voynich.nu/transcr.html,Derived from IVTFF page header $I illustration type. Code meanings are documented in the IVTFF file comments.
f105r,stars,S,T,E,B,Y,data/raw/LSI_ivtff_0d.txt page header parsable information; source documentation https://www.voynich.nu/transcr.html,Derived from IVTFF page header $I illustration type. Code meanings are documented in the IVTFF file comments.
f105v,stars,S,T,F,B,Y,data/raw/LSI_ivtff_0d.txt page header parsable information; source documentation https://www.voynich.nu/transcr.html,Derived from IVTFF page header $I illustration type. Code meanings are documented in the IVTFF file comments.
f106r,stars,S,T,G,B,X,data/raw/LSI_ivtff_0d.txt page header parsable information; source documentation https://www.voynich.nu/transcr.html,Derived from IVTFF page header $I illustration type. Code meanings are documented in the IVTFF file comments.
f106v,stars,S,T,H,B,X,data/raw/LSI_ivtff_0d.txt page header parsable information; source documentation https://www.voynich.nu/transcr.html,Derived from IVTFF page header $I illustration type. Code meanings are documented in the IVTFF file comments.
f107r,stars,S,T,I,B,,data/raw/LSI_ivtff_0d.txt page header parsable information; source documentation https://www.voynich.nu/transcr.html,Derived from IVTFF page header $I illustration type. Code meanings are documented in the IVTFF file comments.
f107v,stars,S,T,J,B,,data/raw/LSI_ivtff_0d.txt page header parsable information; source documentation https://www.voynich.nu/transcr.html,Derived from IVTFF page header $I illustration type. Code meanings are documented in the IVTFF file comments.
f108r,stars,S,T,K,B,,data/raw/LSI_ivtff_0d.txt page header parsable information; source documentation https://www.voynich.nu/transcr.html,Derived from IVTFF page header $I illustration type. Code meanings are documented in the IVTFF file comments.
f108v,stars,S,T,L,B,,data/raw/LSI_ivtff_0d.txt page header parsable information; source documentation https://www.voynich.nu/transcr.html,Derived from IVTFF page header $I illustration type. Code meanings are documented in the IVTFF file comments.
f111r,stars,S,T,M,B,,data/raw/LSI_ivtff_0d.txt page header parsable information; source documentation https://www.voynich.nu/transcr.html,Derived from IVTFF page header $I illustration type. Code meanings are documented in the IVTFF file comments.
f111v,stars,S,T,N,B,,data/raw/LSI_ivtff_0d.txt page header parsable information; source documentation https://www.voynich.nu/transcr.html,Derived from IVTFF page header $I illustration type. Code meanings are documented in the IVTFF file comments.
f112r,stars,S,T,O,B,,data/raw/LSI_ivtff_0d.txt page header parsable information; source documentation https://www.voynich.nu/transcr.html,Derived from IVTFF page header $I illustration type. Code meanings are documented in the IVTFF file comments.
f112v,stars,S,T,P,B,,data/raw/LSI_ivtff_0d.txt page header parsable information; source documentation https://www.voynich.nu/transcr.html,Derived from IVTFF page header $I illustration type. Code meanings are documented in the IVTFF file comments.
f113r,stars,S,T,Q,B,,data/raw/LSI_ivtff_0d.txt page header parsable information; source documentation https://www.voynich.nu/transcr.html,Derived from IVTFF page header $I illustration type. Code meanings are documented in the IVTFF file comments.
f113v,stars,S,T,R,B,,data/raw/LSI_ivtff_0d.txt page header parsable information; source documentation https://www.voynich.nu/transcr.html,Derived from IVTFF page header $I illustration type. Code meanings are documented in the IVTFF file comments.
f114r,stars,S,T,S,B,,data/raw/LSI_ivtff_0d.txt page header parsable information; source documentation https://www.voynich.nu/transcr.html,Derived from IVTFF page header $I illustration type. Code meanings are documented in the IVTFF file comments.
f114v,stars,S,T,T,B,,data/raw/LSI_ivtff_0d.txt page header parsable information; source documentation https://www.voynich.nu/transcr.html,Derived from IVTFF page header $I illustration type. Code meanings are documented in the IVTFF file comments.
f115r,stars,S,T,U,B,,data/raw/LSI_ivtff_0d.txt page header parsable information; source documentation https://www.voynich.nu/transcr.html,Derived from IVTFF page header $I illustration type. Code meanings are documented in the IVTFF file comments.
f115v,stars,S,T,V,B,,data/raw/LSI_ivtff_0d.txt page header parsable information; source documentation https://www.voynich.nu/transcr.html,Derived from IVTFF page header $I illustration type. Code meanings are documented in the IVTFF file comments.
f116r,stars,S,T,W,B,,data/raw/LSI_ivtff_0d.txt page header parsable information; source documentation https://www.voynich.nu/transcr.html,Derived from IVTFF page header $I illustration type. Code meanings are documented in the IVTFF file comments.
f116v,stars,S,T,X,,,data/raw/LSI_ivtff_0d.txt page header parsable information; source documentation https://www.voynich.nu/transcr.html,Derived from IVTFF page header $I illustration type. Code meanings are documented in the IVTFF file comments.
